codon,amino_acid,frequency_per_thousand
TTT,Phe,17.6
TTC,Phe,20.3
TTA,Leu,7.7
TTG,Leu,12.9
TCT,Ser,15.2
TCC,Ser,17.7
TCA,Ser,12.2
TCG,Ser,4.4
TAT,Tyr,12.2
TAC,Tyr,15.3
TAA,Stop,1.0
TAG,Stop,0.8
TGT,Cys,10.6
TGC,Cys,12.6
TGA,Stop,1.6
TGG,Trp,13.2
CTT,Leu,13.2
CTC,Leu,19.6
CTA,Leu,7.2
CTG,Leu,39.6
CCT,Pro,17.5
CCC,Pro,19.8
CCA,Pro,16.9
CCG,Pro,6.9
CAT,His,10.9
CAC,His,15.1
CAA,Gln,12.3
CAG,Gln,34.2
CGT,Arg,4.5
CGC,Arg,10.4
CGA,Arg,6.2
CGG,Arg,11.4
ATT,Ile,16.0
ATC,Ile,20.8
ATA,Ile,7.5
ATG,Met,22.0
ACT,Thr,13.1
ACC,Thr,18.9
ACA,Thr,15.1
ACG,Thr,6.1
AAT,Asn,17.0
AAC,Asn,19.1
AAA,Lys,24.4
AAG,Lys,31.9
AGT,Ser,12.1
AGC,Ser,19.5
AGA,Arg,12.2
AGG,Arg,12.0
GTT,Val,11.0
GTC,Val,14.5
GTA,Val,7.1
GTG,Val,28.1
GCT,Ala,18.4
GCC,Ala,27.7
GCA,Ala,15.8
GCG,Ala,7.4
GAT,Asp,21.8
GAC,Asp,25.1
GAA,Glu,29.0
GAG,Glu,39.6
GGT,Gly,10.8
GGC,Gly,22.2
GGA,Gly,16.5
GGG,Gly,16.5